op_code;operation;endpoint;score_proxy;SP-R1;SP-R2;SP-R3;ARC-R1;ARC-R2;ARC-R3;LA-R1;LA-R2;LA-R3;frequency
to1;{'search_travel_other_logged', 'search_travel_other_external'};{'POST:/api/v1/travel2service/trips/left'};0.9708209191987393;(99.9995514117968, 0.0);(99.9995514117968, 0.0);(99.9995514117968, 0.0);(99.99470665920217, 0.0);(99.99973084707807, 0.0);(99.99838508246846, 0.0);(99.99829536482781, 0.0);(99.99856451774973, 0.0);(99.99883367067166, 0.0);2111
tp1;{'get_travel_plan'};{'POST:/api/v1/travelplanservice/travelPlan/cheapest'};0.33861708918131345;(99.99940293338825, 8.063923797744835e-136);(100.0, 8.034373942409136e-136);(100.0, 8.034373942409136e-136);(99.97910266858922, 9.135861030005153e-136);(100.0, 8.034373942409136e-136);(100.0, 8.034373942409136e-136);(99.99880586677654, 8.093582158510106e-136);(99.99820880016479, 8.1233494224813e-136);(99.99820880016479, 8.1233494224813e-136);818
as1;{'get_assurance_types'};{'GET:/api/v1/assuranceservice/assurances/types'};0.280339622611181;(99.24019514183449, 1.2689945277247742e-129);(99.97325079292293, 1.6423010546936113e-131);(99.78345879985224, 5.076829094401247e-131);(98.48039028366897, 1.1110774148563588e-127);(98.9841670169539, 5.7491651207993746e-129);(98.97015552753258, 6.244072269106341e-129);(31.571388538601653, 6.962547325240798e-15);(1.1667749372667406, 0.36444561809016107);(12.323741831938554, 0.001330069295226182);792
co1;{'query_contacts'};{'GET:/api/v1/contactservice/contacts/account/{accountId}'};0.23247349558252847;(98.92154756678839, 3.0415091080526743e-130);(98.89788637021678, 3.501788867218877e-130);(98.93524615427722, 2.8031699422177116e-130);(97.46887462990463, 1.634814185031834e-126);(97.95828780109652, 9.179697094147174e-128);(97.98755296527719, 7.724097074784256e-128);(98.75591919078708, 8.150657714733572e-130);(99.0080977331951, 1.8159222007108837e-130);(98.5579123352667, 2.64265209741727e-129);801
th1;{'search_travel_hs_logged', 'search_travel_hs_external'};{'POST:/api/v1/travelservice/trips/left'};0.2206063358079429;(96.84782255179367, 3.996482142885209e-87);(99.99349530035451, 9.911262121227734e-93);(99.9986990600709, 9.698599231667077e-93);(-96.50567535044068, 1.0);(99.79054867141511, 2.3075877330340888e-92);(99.9986990600709, 9.698599231667077e-93);(99.578495462972, 5.570101268815783e-92);(100.0, 9.646144230348444e-93);(99.9986990600709, 9.698599231667077e-93);554
ip1;{'pay_order_other', 'pay_order_hs'};{'POST:/api/v1/inside_pay_service/inside_payment'};0.21910109161353844;(96.99324160062235, 7.563262158233174e-123);(97.18124503654721, 2.5755110216770904e-123);(97.97085946743165, 2.7294760792945294e-125);(96.21011004683878, 6.573443960113212e-121);(96.25808333738513, 5.005652899024947e-121);(97.53780327709437, 3.319724850146675e-124);(8.60537106367806, 0.018367972362577787);(9.581044067357093, 0.010022595091244537);(29.005688724656004, 9.596126468290638e-13);785
fo1;{'get_food_types'};{'GET:/api/v1/foodservice/foods/{date}/{startStation}/{endStation}/{tripId}'};0.18169200287307494;(19.14606340835849, 1.522413361905495e-06);(95.04056963073356, 4.4960325254598546e-119);(37.37883246079967, 4.010966353465097e-20);(93.58337473091571, 1.6109095352453679e-115);(98.44408778835009, 1.374627619767238e-127);(95.11190084960577, 3.002217067438668e-119);(30.376272179550867, 3.679028349454517e-14);(96.73436763600698, 2.8361886281023078e-123);(48.80934184212873, 5.944264956028389e-33);792
oo1;{'get_order_information_other'};{'POST:/api/v1/orderOtherService/orderOther/refresh'};0.1303520610897279;(-97.05535924617197, 1.0);(-97.51372313709803, 1.0);(0.2419605751494544, 0.42839638291408977);(-97.12258595017445, 1.0);(-97.84735649043269, 1.0);(3.6188523679356406, 0.1806452680646351);(44.542969531302084, 1.3475339759515975e-29);(30.21173633797809, 1.2551340848179281e-14);(97.87291374980555, 6.868180177700002e-135);848
po1;{'preserve_ticket_other'};{'POST:/api/v1/preserveotherservice/preserveOther'};0.11913326802147552;(98.89912814525944, 1.5624572608057592e-103);(98.1311011202464, 5.7661853873101614e-102);(-68.26548101045728, 1.0);(98.59211604858541, 6.632749689493953e-103);(98.66663354777813, 4.671693663207296e-103);(9.832335626816365, 0.015981219318527248);(71.02660274721181, 1.9001812767729238e-54);(75.11115526962915, 1.2205745802059679e-60);(-93.80312476713281, 1.0);634
oh1;{'get_order_information_hs'};{'POST:/api/v1/orderservice/order/refresh'};0.04420427645007344;(-14.170030757401001, 0.981436511409181);(-18.569780853517877, 0.9968481769583425);(4.858708189158016, 0.23739723759052517);(-12.579296424452133, 0.9678700953105587);(-17.579777008842754, 0.995144128828849);(4.1810841983852365, 0.2692695134839681);(97.41926182237601, 7.100813078424497e-47);(97.3760092272203, 7.781804978150963e-47);(97.35198000768935, 8.187987740772464e-47);288
ph1;{'preserve_ticket_hs'};{'POST:/api/v1/preserveservice/preserve'};0.026875245321926748;(96.02201257861635, 4.220192469525706e-26);(95.81761006289308, 5.346874079621681e-26);(82.72012578616352, 7.325901015127937e-20);(99.62264150943396, 6.022141440575773e-28);(97.90880503144655, 4.6401936397477086e-27);(96.99685534591195, 1.3559660594816527e-26);(82.18553459119497, 1.2491318525733243e-19);(84.87421383647799, 8.244818683675039e-21);(37.028301886792455, 2.5621377411827865e-05);159
at2;{'admin_get_all_travels'};{'GET:/api/v1/admintravelservice/admintravel'};0.02062388744921303;(100.0, 7.105427357601002e-15);(100.0, 7.105427357601002e-15);(100.0, 7.105427357601002e-15);(100.0, 7.105427357601002e-15);(100.0, 7.105427357601002e-15);(100.0, 7.105427357601002e-15);(100.0, 7.105427357601002e-15);(100.0, 7.105427357601002e-15);(100.0, 7.105427357601002e-15);47
ex2;{'execute_ticket'};{'GET:/api/v1/executeservice/execute/execute/{orderId}'};0.014955461838986965;(-0.8771929824561403, 0.522767068904235);(36.2155388471178, 0.009201770031356207);(99.87468671679198, 3.984188667839e-11);(99.87468671679198, 3.984188667839e-11);(100.0, 3.773749106575748e-11);(100.0, 3.773749106575748e-11);(-100.0, 0.9999999999622625);(-100.0, 0.9999999999622625);(39.59899749373433, 0.004973897747912627);56
ex1;{'collect_ticket'};{'GET:/api/v1/executeservice/execute/collected/{orderId}'};0.014271830696688123;(34.12429378531073, 0.011319014148923856);(50.3954802259887, 0.0003807846926849518);(100.0, 1.1950476758489101e-11);(99.09604519774011, 1.8011660538699907e-11);(99.88700564971752, 1.2581753314638834e-11);(100.0, 1.1950476758489101e-11);(28.926553672316384, 0.0266623637138458);(43.954802259887, 0.0016615001638001655);(53.333333333333336, 0.00018356873959471945);59
ca1;{'cancel_order'};{'GET:/api/v1/cancelservice/cancel/{orderId}/{loginId}'};0.006514090612407216;(-3.9408866995073892, 0.5755479112267494);(17.24137931034483, 0.21900059655308723);(100.0, 3.725290298461914e-09);(100.0, 3.725290298461914e-09);(100.0, 3.725290298461914e-09);(100.0, 3.725290298461914e-09);(-86.20689655172413, 0.9999953024089336);(-86.20689655172413, 0.9999953024089336);(41.37931034482759, 0.02819337695837021);28
ca2;{'cancel_refund_order'};{'GET:/api/v1/cancelservice/cancel/refound/{orderId}'};0.00540758502845318;(20.689655172413794, 0.17508148029446602);(24.63054187192118, 0.13208581879734993);(100.0, 3.725290298461914e-09);(86.69950738916256, 4.697591066360474e-06);(87.68472906403942, 3.3676624298095703e-06);(100.0, 3.725290298461914e-09);(-6.896551724137931, 0.6274538710713387);(4.433497536945813, 0.4244520887732506);(38.42364532019704, 0.03870784863829613);28
ab1;{'admin_get_all_contacts'};{'GET:/api/v1/adminbasicservice/adminbasic/contacts'};0.0053183539873344786;(100.0, 3.725290298461914e-09);(100.0, 3.725290298461914e-09);(100.0, 3.725290298461914e-09);(100.0, 3.725290298461914e-09);(100.0, 3.725290298461914e-09);(100.0, 3.725290298461914e-09);(-33.497536945812804, 0.9400143139064312);(-20.19704433497537, 0.824918519705534);(77.33990147783251, 6.766244769096375e-05);28
ar1;{'admin_get_all_routes'};{'GET:/api/v1/adminrouteservice/adminroute'};0.004489083018062544;(86.0, 2.664327621459961e-05);(8.666666666666668, 0.36287039518356323);(100.0, 5.960464477539063e-08);(100.0, 5.960464477539063e-08);(100.0, 5.960464477539063e-08);(100.0, 5.960464477539063e-08);(22.0, 0.17981314659118652);(-32.0, 0.9155951738357544);(42.0, 0.03689628839492798);24
ao1;{'admin_create_order'};{'POST:/api/v1/adminorderservice/adminorder'};0.004305448474556666;(79.77011494252874, 2.668052911758423e-05);(100.0, 1.862645149230957e-09);(100.0, 1.862645149230957e-09);(80.22988505747126, 2.3502856492996216e-05);(100.0, 1.862645149230957e-09);(100.0, 1.862645149230957e-09);(7.126436781609195, 0.37466108053922653);(68.27586206896552, 0.00040449202060699463);(71.95402298850576, 0.0001841820776462555);29
at1;{'admin_create_travel'};{'POST:/api/v1/admintravelservice/admintravel'};0.00407402812230563;(100.0, 5.960464477539063e-08);(100.0, 5.960464477539063e-08);(100.0, 5.960464477539063e-08);(99.33333333333333, 1.1920928955078125e-07);(100.0, 5.960464477539063e-08);(99.33333333333333, 1.1920928955078125e-07);(23.333333333333332, 0.16525256633758545);(20.666666666666668, 0.1951233148574829);(60.66666666666667, 0.003960251808166504);24
us1;{'admin_login'};{'POST:/api/v1/users/login'};0.003361034681648286;(45.026659312373596, 1.0909329162806904e-06);(44.438315866887294, 1.4774864742056993e-06);(68.52362566648281, 2.856432742529511e-13);(99.87129987129987, 4.128932899577941e-26);(97.48115462401177, 5.744796246864253e-25);(100.0, 3.576906219228097e-26);(31.071888214745357, 0.00054141153774122);(30.796102224673653, 0.0005996043204223891);(58.99062327633756, 2.7434430211096423e-10);147
ab2;{'admin_get_all_prices'};{'GET:/api/v1/adminbasicservice/adminbasic/prices'};0.002815056663723198;(-13.23529411764706, 0.6839141845703125);(-52.94117647058824, 0.971160888671875);(82.35294117647058, 0.001068115234375);(5.88235294117647, 0.4301300048828125);(-51.470588235294116, 0.9673004150390625);(100.0, 1.52587890625e-05);(57.35294117647059, 0.02215576171875);(-20.588235294117645, 0.76812744140625);(100.0, 1.52587890625e-05);16
au2;{'admin_get_all_users'};{'GET:/api/v1/adminuserservice/users'};0.001954922437710295;(-92.15686274509804, 0.9999237060546875);(-84.31372549019608, 0.9995803833007812);(98.69281045751634, 1.52587890625e-05);(-45.09803921568628, 0.9508132934570312);(-33.33333333333333, 0.8876571655273438);(77.77777777777779, 0.00157928466796875);(-90.84967320261438, 0.9998931884765625);(-77.77777777777779, 0.9987106323242188);(100.0, 7.62939453125e-06);17
ao2;{'admin_get_all_orders'};{'GET:/api/v1/adminorderservice/adminorder'};0.0015311665367319103;(96.36363636363636, 0.001953125);(100.0, 0.0009765625);(100.0, 0.0009765625);(100.0, 0.0009765625);(100.0, 0.0009765625);(100.0, 0.0009765625);(38.18181818181819, 0.1611328125);(89.0909090909091, 0.0048828125);(89.0909090909091, 0.0048828125);10
au1;{'admin_add_random_user'};{'POST:/api/v1/adminuserservice/users'};0.0005723108546721698;(93.4640522875817, 7.62939453125e-05);(98.69281045751634, 1.52587890625e-05);(100.0, 7.62939453125e-06);(52.94117647058824, 0.0284423828125);(71.24183006535948, 0.0039520263671875);(62.091503267973856, 0.0116119384765625);(83.00653594771242, 0.00067138671875);(89.54248366013073, 0.00019073486328125);(97.38562091503267, 2.288818359375e-05);17
