op_code;op_name;endpoint;t_score;SP-ARC;SP-LA;SP-R1;SP-R2;SP-R3;ARC-SP;ARC-LA;ARC-R1;ARC-R2;ARC-R3;LA-SP;LA-ARC;LA-R1;LA-R2;LA-R3;R1-SP;R1-ARC;R1-LA;R1-R2;R1-R3;R2-SP;R2-ARC;R2-LA;R2-R1;R2-R3;R3-SP;R3-ARC;R3-LA;R3-R1;R3-R2;frequency
to1;{'search_travel_other_logged', 'search_travel_other_external'};{'POST:/api/v1/travel2service/trips/left'};0.7848161839738241;(96.55313796419908, 0.0);(-99.65144696610825, 1.0);(99.9995514117968, 0.0);(99.9995514117968, 0.0);(99.9995514117968, 0.0);(-96.55313796419908, 1.0);(-99.87322897377375, 1.0);(99.99470665920217, 0.0);(99.99973084707807, 0.0);(99.99838508246846, 0.0);(99.65144696610825, 0.0);(99.87322897377375, 0.0);(99.99829536482781, 0.0);(99.99856451774973, 0.0);(99.99883367067166, 0.0);(-99.9995514117968, 1.0);(-99.99470665920217, 1.0);(-99.99829536482781, 1.0);(-85.03756477613655, 1.0);(-99.60219198139615, 1.0);(-99.9995514117968, 1.0);(-99.99973084707807, 1.0);(-99.99856451774973, 1.0);(85.03756477613655, 2.502085962579139e-251);(-99.80531271980821, 1.0);(-99.9995514117968, 1.0);(-99.99838508246846, 1.0);(-99.99883367067166, 1.0);(99.60219198139615, 0.0);(99.80531271980821, 0.0);2111
tp1;{'get_travel_plan'};{'POST:/api/v1/travelplanservice/travelPlan/cheapest'};0.3084186510566208;(99.99641760032958, 8.213308633238196e-136);(81.22046386105066, 2.2933864743418227e-90);(99.99940293338825, 8.063923797744835e-136);(100.0, 8.034373942409136e-136);(100.0, 8.034373942409136e-136);(-99.99641760032958, 1.0);(-99.99701466694133, 1.0);(99.97910266858922, 9.135861030005153e-136);(100.0, 8.034373942409136e-136);(100.0, 8.034373942409136e-136);(-81.22046386105066, 1.0);(99.99701466694133, 8.183212258420639e-136);(99.99880586677654, 8.093582158510106e-136);(99.99820880016479, 8.1233494224813e-136);(99.99820880016479, 8.1233494224813e-136);(-99.99940293338825, 1.0);(-99.97910266858922, 1.0);(-99.99880586677654, 1.0);(98.45061214254368, 1.0242752232751371e-131);(25.07351382657006, 2.610095195389384e-10);(-100.0, 1.0);(-100.0, 1.0);(-99.99820880016479, 1.0);(-98.45061214254368, 1.0);(-99.53130270978681, 1.0);(-100.0, 1.0);(-100.0, 1.0);(-99.99820880016479, 1.0);(-25.07351382657006, 0.9999999997389905);(99.53130270978681, 1.4243468397288057e-134);818
as1;{'get_assurance_types'};{'GET:/api/v1/assuranceservice/assurances/types'};0.2448354785650138;(-13.828384730024073, 0.9996259734809774);(99.71021692333167, 7.843186642222026e-131);(99.24019514183449, 1.2689945277247742e-129);(99.97325079292293, 1.6423010546936113e-131);(99.78345879985224, 5.076829094401247e-131);(13.828384730024073, 0.0003740265190226015);(98.9233444151477, 8.226794866677326e-129);(98.48039028366897, 1.1110774148563588e-127);(98.9841670169539, 5.7491651207993746e-129);(98.97015552753258, 6.244072269106341e-129);(-99.71021692333167, 1.0);(-98.9233444151477, 1.0);(31.571388538601653, 6.962547325240798e-15);(1.1667749372667406, 0.36444561809016107);(12.323741831938554, 0.001330069295226182);(-99.24019514183449, 1.0);(-98.48039028366897, 1.0);(-31.571388538601653, 0.999999999999993);(-26.214859821417196, 0.9999999999176687);(-15.43174493994166, 0.9999157972538347);(-99.97325079292293, 1.0);(-98.9841670169539, 1.0);(-1.671188556434458, 0.6355543819098389);(26.214859821417196, 8.233124063961408e-11);(11.538461538461538, 0.0024536670041224256);(-99.78345879985224, 1.0);(-98.97015552753258, 1.0);(-12.323741831938554, 0.9986699307047738);(15.43174493994166, 8.420274616530679e-05);(-11.538461538461538, 0.9975463329958776);792
th1;{'search_travel_hs_logged', 'search_travel_hs_external'};{'POST:/api/v1/travelservice/trips/left'};0.20767743875388367;(98.14485966110514, 2.051044236243121e-89);(-99.84909096822454, 1.0);(96.84782255179367, 3.996482142885209e-87);(99.99349530035451, 9.911262121227734e-93);(99.9986990600709, 9.698599231667077e-93);(-98.14485966110514, 1.0);(-99.97268026148892, 1.0);(-96.50567535044068, 1.0);(99.79054867141511, 2.3075877330340888e-92);(99.9986990600709, 9.698599231667077e-93);(99.84909096822454, 1.808676049055715e-92);(99.97268026148892, 1.0809536235431557e-92);(99.578495462972, 5.570101268815783e-92);(100.0, 9.646144230348444e-93);(99.9986990600709, 9.698599231667077e-93);(-96.84782255179367, 1.0);(96.50567535044068, 1.5871963057443466e-86);(-99.578495462972, 1.0);(99.92844830389956, 1.2997143023189427e-92);(99.1374768270075, 3.4609917564981277e-91);(-99.99349530035451, 1.0);(-99.79054867141511, 1.0);(-100.0, 1.0);(-99.92844830389956, 1.0);(-85.92643184700947, 1.0);(-99.9986990600709, 1.0);(-99.9986990600709, 1.0);(-99.9986990600709, 1.0);(-99.1374768270075, 1.0);(85.92643184700947, 4.783831971722354e-69);554
co1;{'query_contacts'};{'GET:/api/v1/contactservice/contacts/account/{accountId}'};0.1838061526342287;(17.31812790122073, 1.087945925079816e-05);(-22.21817491228234, 0.9999999744469356);(98.92154756678839, 3.0415091080526743e-130);(98.89788637021678, 3.501788867218877e-130);(98.93524615427722, 2.8031699422177116e-130);(-17.31812790122073, 0.9999891205407492);(-38.36445092014035, 1.0);(97.46887462990463, 1.634814185031834e-126);(97.95828780109652, 9.179697094147174e-128);(97.98755296527719, 7.724097074784256e-128);(22.21817491228234, 2.5553064477438632e-08);(37.86569780293337, 3.893145604548545e-21);(98.75591919078708, 8.150657714733572e-130);(99.0080977331951, 1.8159222007108837e-130);(98.5579123352667, 2.64265209741727e-129);(-98.92154756678839, 1.0);(-97.46887462990463, 1.0);(-98.75591919078708, 1.0);(-23.921158402371102, 0.9999999977537061);(11.997471987945243, 0.0016330184882627906);(-98.89788637021678, 1.0);(-97.95828780109652, 1.0);(-99.0080977331951, 1.0);(23.921158402371102, 2.24629396576963e-09);(30.717214454500454, 1.4072955016548443e-14);(-98.93524615427722, 1.0);(-97.98755296527719, 1.0);(-98.5579123352667, 1.0);(-11.997471987945243, 0.9983669815117372);(-31.215967571707438, 0.9999999999999859);801
fo1;{'get_food_types'};{'GET:/api/v1/foodservice/foods/{date}/{startStation}/{endStation}/{tripId}'};0.15906666391172825;(-91.08264231215051, 1.0);(-19.89281210592686, 0.9999993821586545);(19.14606340835849, 1.522413361905495e-06);(95.04056963073356, 4.4960325254598546e-119);(37.37883246079967, 4.010966353465097e-20);(91.08264231215051, 1.510418351424142e-109);(87.60492694918925, 1.646129859029758e-101);(93.58337473091571, 1.6109095352453679e-115);(98.44408778835009, 1.374627619767238e-127);(95.11190084960577, 3.002217067438668e-119);(19.89281210592686, 6.178413455253846e-07);(-87.60492694918925, 1.0);(30.376272179550867, 3.679028349454517e-14);(96.73436763600698, 2.8361886281023078e-123);(48.80934184212873, 5.944264956028389e-33);(-19.14606340835849, 0.9999984775866381);(-93.58337473091571, 1.0);(-30.880685798718588, 0.9999999999999633);(86.4078999324901, 8.144265455276146e-99);(18.226081750671916, 4.42571114975406e-06);(-95.04056963073356, 1.0);(-98.44408778835009, 1.0);(-96.73436763600698, 1.0);(-86.4078999324901, 1.0);(-89.46208618339766, 1.0);(-37.37883246079967, 1.0);(-95.11190084960577, 1.0);(-48.80934184212873, 1.0);(-18.226081750671916, 0.9999955742888502);(89.46208618339766, 9.186224205352579e-106);792
po1;{'preserve_ticket_other'};{'POST:/api/v1/preserveotherservice/preserveOther'};0.15466426499352096;(-76.11316724210737, 1.0);(82.32047492486151, 2.083429144381458e-72);(98.89912814525944, 1.5624572608057592e-103);(98.1311011202464, 5.7661853873101614e-102);(-68.26548101045728, 1.0);(76.11316724210737, 3.273648621802445e-62);(96.13899997516083, 5.873220356512802e-98);(98.59211604858541, 6.632749689493953e-103);(98.66663354777813, 4.671693663207296e-103);(9.832335626816365, 0.015981219318527248);(-82.32047492486151, 1.0);(-96.13899997516083, 1.0);(71.02660274721181, 1.9001812767729238e-54);(75.11115526962915, 1.2205745802059679e-60);(-93.80312476713281, 1.0);(-98.89912814525944, 1.0);(-98.59211604858541, 1.0);(-71.02660274721181, 1.0);(8.266971360441143, 0.03566248629446199);(-99.88176556794754, 1.0);(-98.1311011202464, 1.0);(-98.66663354777813, 1.0);(-75.11115526962915, 1.0);(-8.266971360441143, 0.964337513705538);(-99.90561116768922, 1.0);(68.26548101045728, 1.8627450364334341e-50);(-9.832335626816365, 0.9840187806814727);(93.80312476713281, 2.3135704985592215e-93);(99.88176556794754, 1.4828490651322338e-105);(99.90561116768922, 1.32362716368876e-105);634
ip1;{'pay_order_other', 'pay_order_hs'};{'POST:/api/v1/inside_pay_service/inside_payment'};0.10478718235413231;(-19.57926127615436, 0.9999986958019138);(94.29830958979595, 3.06022756403141e-116);(96.99324160062235, 7.563262158233174e-123);(97.18124503654721, 2.5755110216770904e-123);(97.97085946743165, 2.7294760792945294e-125);(19.070355423737055, 1.3041980862230365e-06);(95.99811996564075, 2.187763771601889e-120);(96.21011004683878, 6.573443960113212e-121);(96.25808333738513, 5.005652899024947e-121);(97.53780327709437, 3.319724850146675e-124);(-94.29830958979595, 1.0);(-95.99811996564075, 1.0);(8.60537106367806, 0.018367972362577787);(9.581044067357093, 0.010022595091244537);(29.005688724656004, 9.596126468290638e-13);(-96.99324160062235, 1.0);(-96.21011004683878, 1.0);(-8.60537106367806, 0.9816320276374222);(-0.051214729096773146, 0.504959037970193);(20.942934474319703, 1.8551835054077848e-07);(-97.18124503654721, 1.0);(-96.25808333738513, 1.0);(-9.581044067357093, 0.9899774049087554);(0.051214729096773146, 0.49504096202980696);(19.024975284031054, 1.939878809794914e-06);(-97.97085946743165, 1.0);(-97.53780327709437, 1.0);(-29.005688724656004, 0.9999999999990404);(-20.942934474319703, 0.9999998144816494);(-19.024975284031054, 0.9999980601211902);785
oo1;{'get_order_information_other'};{'POST:/api/v1/orderOtherService/orderOther/refresh'};0.045922374100685;(-7.03241327199591, 0.9619708823926362);(-97.99903326888459, 1.0);(-97.05535924617197, 1.0);(-97.51372313709803, 1.0);(0.2419605751494544, 0.42839638291408977);(7.03241327199591, 0.03802911760736385);(-97.3681578771918, 1.0);(-97.12258595017445, 1.0);(-97.84735649043269, 1.0);(3.6188523679356406, 0.1806452680646351);(97.99903326888459, 3.125479551401925e-135);(97.3681578771918, 1.5881881852442694e-133);(44.542969531302084, 1.3475339759515975e-29);(30.21173633797809, 1.2551340848179281e-14);(97.87291374980555, 6.868180177700002e-135);(97.05535924617197, 1.1032729049560676e-132);(97.12258595017445, 7.27771399117696e-133);(-44.542969531302084, 1.0);(-23.47073138209214, 0.9999999983984664);(97.56928239660422, 4.552204043102243e-134);(97.51372313709803, 6.430478874959666e-134);(97.84735649043269, 8.05518653273032e-135);(-30.21173633797809, 0.9999999999999875);(23.47073138209214, 1.601533615616439e-09);(97.68595684156722, 2.2024060459584324e-134);(-1.183690023779363, 0.5716036170859102);(-3.6188523679356406, 0.8193547319353649);(-97.87291374980555, 1.0);(-97.56928239660422, 1.0);(-97.68595684156722, 1.0);848
ph1;{'preserve_ticket_hs'};{'POST:/api/v1/preserveservice/preserve'};0.038198809807163926;(-63.286163522012586, 0.9999999999977699);(55.5188679245283, 6.306584179792701e-10);(96.02201257861635, 4.220192469525706e-26);(95.81761006289308, 5.346874079621681e-26);(82.72012578616352, 7.325901015127937e-20);(63.286163522012586, 2.2300630932084837e-12);(75.47169811320755, 7.624314816606808e-17);(99.62264150943396, 6.022141440575773e-28);(97.90880503144655, 4.6401936397477086e-27);(96.99685534591195, 1.3559660594816527e-26);(-55.5188679245283, 0.9999999993693416);(-75.47169811320755, 0.9999999999999999);(82.18553459119497, 1.2491318525733243e-19);(84.87421383647799, 8.244818683675039e-21);(37.028301886792455, 2.5621377411827865e-05);(-96.02201257861635, 1.0);(-99.62264150943396, 1.0);(-82.18553459119497, 1.0);(20.61320754716981, 0.012081683915415803);(-62.72012578616353, 0.9999999999965538);(-95.81761006289308, 1.0);(-97.90880503144655, 1.0);(-84.87421383647799, 1.0);(-20.61320754716981, 0.9879183160845842);(-66.79245283018868, 0.9999999999998617);(-82.72012578616352, 1.0);(-96.99685534591195, 1.0);(-37.028301886792455, 0.9999743786225882);(62.72012578616353, 3.446209042246968e-12);(66.79245283018868, 1.3835592229490972e-13);159
at2;{'admin_get_all_travels'};{'GET:/api/v1/admintravelservice/admintravel'};0.020816737548680714;(-72.16312056737588, 0.9999978105280505);(90.95744680851064, 2.5344348841827014e-10);(100.0, 7.105427357601002e-15);(100.0, 7.105427357601002e-15);(100.0, 7.105427357601002e-15);(72.16312056737588, 2.3344845487827115e-06);(88.29787234042553, 1.3914274177295738e-09);(100.0, 7.105427357601002e-15);(100.0, 7.105427357601002e-15);(100.0, 7.105427357601002e-15);(-90.95744680851064, 0.9999999997756319);(-88.29787234042553, 0.9999999987498214);(100.0, 7.105427357601002e-15);(100.0, 7.105427357601002e-15);(100.0, 7.105427357601002e-15);(-100.0, 1.0);(-100.0, 1.0);(-100.0, 1.0);(-95.2127659574468, 0.9999999999924043);(100.0, 7.105427357601002e-15);(-100.0, 1.0);(-100.0, 1.0);(-100.0, 1.0);(95.2127659574468, 8.959943897934863e-12);(100.0, 7.105427357601002e-15);(-100.0, 1.0);(-100.0, 1.0);(-100.0, 1.0);(-100.0, 1.0);(-100.0, 1.0);47
oh1;{'get_order_information_hs'};{'POST:/api/v1/orderservice/order/refresh'};0.014799846744253135;(-4.402153018069973, 0.7413594478213089);(-98.6687812379854, 1.0);(-14.170030757401001, 0.981436511409181);(-18.569780853517877, 0.9968481769583425);(4.858708189158016, 0.23739723759052517);(4.402153018069973, 0.2586405521786911);(-98.64955786236062, 1.0);(-12.579296424452133, 0.9678700953105587);(-17.579777008842754, 0.995144128828849);(4.1810841983852365, 0.2692695134839681);(98.6687812379854, 4.950122779808575e-48);(98.64955786236062, 5.158515127626342e-48);(97.41926182237601, 7.100813078424497e-47);(97.3760092272203, 7.781804978150963e-47);(97.35198000768935, 8.187987740772464e-47);(14.170030757401001, 0.01856348859081897);(12.579296424452133, 0.03212990468944135);(-97.41926182237601, 1.0);(-6.88437139561707, 0.8443906982622436);(19.905805459438678, 0.0017053192713692102);(18.569780853517877, 0.0031518230416574863);(17.579777008842754, 0.0048558711711510225);(-97.3760092272203, 1.0);(6.88437139561707, 0.15560930173775644);(23.79373317954633, 0.00023264676575705565);(-4.858708189158016, 0.7626027624094749);(-4.1810841983852365, 0.7307304865160319);(-97.35198000768935, 1.0);(-19.905805459438678, 0.9982946807286308);(-23.79373317954633, 0.9997673532342429);288
ex1;{'collect_ticket'};{'GET:/api/v1/executeservice/execute/collected/{orderId}'};0.01207987752635727;(-38.4180790960452, 0.9948606811400866);(74.35028248587571, 3.407404852156965e-07);(34.12429378531073, 0.011319014148923856);(50.3954802259887, 0.0003807846926849518);(100.0, 1.1950476758489101e-11);(38.4180790960452, 0.005139318859913339);(37.40112994350282, 0.006238117899588127);(99.09604519774011, 1.8011660538699907e-11);(99.88700564971752, 1.2581753314638834e-11);(100.0, 1.1950476758489101e-11);(-74.35028248587571, 0.9999996592595148);(-37.40112994350282, 0.9937618821004118);(28.926553672316384, 0.0266623637138458);(43.954802259887, 0.0016615001638001655);(53.333333333333336, 0.00018356873959471945);(-34.12429378531073, 0.9886809858510761);(-99.09604519774011, 0.9999999999819883);(-28.926553672316384, 0.9733376362861542);(23.61581920903955, 0.05733715970233324);(93.33333333333333, 2.264262351801826e-10);(-50.3954802259887, 0.999619215307315);(-99.88700564971752, 0.9999999999874183);(-43.954802259887, 0.9983384998361998);(-23.61581920903955, 0.9426628402976668);(74.01129943502825, 3.8282729290600557e-07);(-100.0, 0.9999999999880496);(-100.0, 0.9999999999880496);(-53.333333333333336, 0.9998164312604053);(-93.33333333333333, 0.9999999997735738);(-74.01129943502825, 0.9999996171727071);59
ex2;{'execute_ticket'};{'GET:/api/v1/executeservice/execute/execute/{orderId}'};0.011820094250479179;(-100.0, 0.9999999999622625);(100.0, 3.773749106575748e-11);(-0.8771929824561403, 0.522767068904235);(36.2155388471178, 0.009201770031356207);(99.87468671679198, 3.984188667839e-11);(100.0, 3.773749106575748e-11);(100.0, 3.773749106575748e-11);(99.87468671679198, 3.984188667839e-11);(100.0, 3.773749106575748e-11);(100.0, 3.773749106575748e-11);(-100.0, 0.9999999999622625);(-100.0, 0.9999999999622625);(-100.0, 0.9999999999622625);(-100.0, 0.9999999999622625);(39.59899749373433, 0.004973897747912627);(0.8771929824561403, 0.477232931095765);(-99.87468671679198, 0.9999999999601581);(100.0, 3.773749106575748e-11);(31.892230576441104, 0.01894759415512284);(100.0, 3.773749106575748e-11);(-36.2155388471178, 0.9907982299686438);(-100.0, 0.9999999999622625);(100.0, 3.773749106575748e-11);(-31.892230576441104, 0.9810524058448772);(99.37343358395991, 4.946801117162732e-11);(-99.87468671679198, 0.9999999999601581);(-100.0, 0.9999999999622625);(-39.59899749373433, 0.9950261022520873);(-100.0, 0.9999999999622625);(-99.37343358395991, 0.999999999950532);56
ca2;{'cancel_refund_order'};{'GET:/api/v1/cancelservice/cancel/refound/{orderId}'};0.006583979231649707;(-29.55665024630542, 0.9145469665527344);(73.89162561576354, 0.0001529902219772339);(20.689655172413794, 0.17508148029446602);(24.63054187192118, 0.13208581879734993);(100.0, 3.725290298461914e-09);(29.55665024630542, 0.089116882532835);(61.57635467980296, 0.0017194971442222595);(86.69950738916256, 4.697591066360474e-06);(87.68472906403942, 3.3676624298095703e-06);(100.0, 3.725290298461914e-09);(-73.89162561576354, 0.9998632445931435);(-61.57635467980296, 0.9984197355806828);(-6.896551724137931, 0.6274538710713387);(4.433497536945813, 0.4244520887732506);(38.42364532019704, 0.03870784863829613);(-20.689655172413794, 0.8307172395288944);(-86.69950738916256, 0.9999960176646709);(6.896551724137931, 0.38106949999928474);(21.182266009852217, 0.16928276047110558);(100.0, 3.725290298461914e-09);(-24.63054187192118, 0.8727433383464813);(-87.68472906403942, 0.9999971613287926);(-4.433497536945813, 0.584313340485096);(-21.182266009852217, 0.8363951444625854);(85.71428571428571, 6.474554538726807e-06);(-100.0, 1.0);(-100.0, 1.0);(-38.42364532019704, 0.9632316641509533);(-100.0, 1.0);(-85.71428571428571, 0.9999944753944874);28
ar1;{'admin_get_all_routes'};{'GET:/api/v1/adminrouteservice/adminroute'};0.0057465254021257005;(-90.0, 0.9999934434890747);(57.333333333333336, 0.0063024163246154785);(86.0, 2.664327621459961e-05);(8.666666666666668, 0.36287039518356323);(100.0, 5.960464477539063e-08);(90.0, 8.165836334228516e-06);(94.66666666666667, 1.4901161193847656e-06);(100.0, 5.960464477539063e-08);(100.0, 5.960464477539063e-08);(100.0, 5.960464477539063e-08);(-57.333333333333336, 0.9942419528961182);(-94.66666666666667, 0.9999988675117493);(22.0, 0.17981314659118652);(-32.0, 0.9155951738357544);(42.0, 0.03689628839492798);(-86.0, 0.9999778866767883);(-100.0, 1.0);(-22.0, 0.827561616897583);(-84.0, 0.9999618530273438);(8.666666666666668, 0.36287039518356323);(-8.666666666666668, 0.647621750831604);(-100.0, 1.0);(32.0, 0.08899009227752686);(84.0, 4.5418739318847656e-05);(86.0, 2.664327621459961e-05);(-100.0, 1.0);(-100.0, 1.0);(-42.0, 0.9654491543769836);(-8.666666666666668, 0.647621750831604);(-86.0, 0.9999778866767883);24
ao1;{'admin_create_order'};{'POST:/api/v1/adminorderservice/adminorder'};0.00540559041890416;(-9.425287356321839, 0.6727679148316383);(65.05747126436782, 0.0007636807858943939);(79.77011494252874, 2.668052911758423e-05);(100.0, 1.862645149230957e-09);(100.0, 1.862645149230957e-09);(9.425287356321839, 0.33497521094977856);(52.18390804597701, 0.006471583619713783);(80.22988505747126, 2.3502856492996216e-05);(100.0, 1.862645149230957e-09);(100.0, 1.862645149230957e-09);(-65.05747126436782, 0.9993006382137537);(-52.18390804597701, 0.9939453694969416);(7.126436781609195, 0.37466108053922653);(68.27586206896552, 0.00040449202060699463);(71.95402298850576, 0.0001841820776462555);(-79.77011494252874, 0.999976497143507);(-80.22988505747126, 0.9999793320894241);(-7.126436781609195, 0.6333954278379679);(88.04597701149424, 1.991167664527893e-06);(89.42528735632183, 1.1920928955078125e-06);(-100.0, 1.0);(-100.0, 1.0);(-68.27586206896552, 0.9996320437639952);(-88.04597701149424, 0.9999983161687851);(-4.827586206896552, 0.5926117058843374);(-100.0, 1.0);(-100.0, 1.0);(-71.95402298850576, 0.9998338911682367);(-89.42528735632183, 0.9999990016222);(4.827586206896552, 0.415678683668375);29
ab1;{'admin_get_all_contacts'};{'GET:/api/v1/adminbasicservice/adminbasic/contacts'};0.005195900023149323;(35.960591133004925, 0.0496397539973259);(100.0, 3.725290298461914e-09);(100.0, 3.725290298461914e-09);(100.0, 3.725290298461914e-09);(100.0, 3.725290298461914e-09);(-35.960591133004925, 0.9527179002761841);(99.01477832512316, 1.1175870895385742e-08);(100.0, 3.725290298461914e-09);(100.0, 3.725290298461914e-09);(100.0, 3.725290298461914e-09);(-100.0, 1.0);(-99.01477832512316, 0.9999999925494194);(-33.497536945812804, 0.9400143139064312);(-20.19704433497537, 0.824918519705534);(77.33990147783251, 6.766244769096375e-05);(-100.0, 1.0);(-100.0, 1.0);(33.497536945812804, 0.06281053274869919);(-21.182266009852217, 0.8363951444625854);(98.52216748768473, 1.862645149230957e-08);(-100.0, 1.0);(-100.0, 1.0);(20.19704433497537, 0.18100059404969215);(21.182266009852217, 0.16928276047110558);(83.74384236453201, 1.1902302503585815e-05);(-100.0, 1.0);(-100.0, 1.0);(-77.33990147783251, 0.9999401494860649);(-98.52216748768473, 0.9999999888241291);(-83.74384236453201, 0.999989740550518);28
at3;{'admin_uptdate_travel'};{'PUT:/api/v1/admintravelservice/admintravel'};0.005109254644423604;(-100.0, 1.0);(100.0, 1.1920928955078125e-07);(99.27536231884058, 2.384185791015625e-07);(99.27536231884058, 2.384185791015625e-07);(99.27536231884058, 2.384185791015625e-07);(100.0, 1.1920928955078125e-07);(100.0, 1.1920928955078125e-07);(100.0, 1.1920928955078125e-07);(100.0, 1.1920928955078125e-07);(100.0, 1.1920928955078125e-07);(-100.0, 1.0);(-100.0, 1.0);(2.1739130434782608, 0.47027742862701416);(37.68115942028986, 0.05932307243347168);(31.15942028985507, 0.10007762908935547);(-99.27536231884058, 0.9999998807907104);(-100.0, 1.0);(-2.1739130434782608, 0.5415762662887573);(28.985507246376812, 0.11723542213439941);(54.347826086956516, 0.010686159133911133);(-99.27536231884058, 0.9999998807907104);(-100.0, 1.0);(-37.68115942028986, 0.9442870616912842);(-28.985507246376812, 0.8886923789978027);(4.3478260869565215, 0.434833288192749);(-99.27536231884058, 0.9999998807907104);(-100.0, 1.0);(-31.15942028985507, 0.905228853225708);(-54.347826086956516, 0.990221381187439);(-4.3478260869565215, 0.5768841505050659);23
ab3;{'admin_modify_contact'};{'PUT:/api/v1/adminbasicservice/adminbasic/contacts'};0.004706604242958465;(18.7192118226601, 0.1994735226035118);(86.20689655172413, 5.5246055126190186e-06);(86.20689655172413, 5.5246055126190186e-06);(86.20689655172413, 5.5246055126190186e-06);(99.50738916256158, 7.450580596923828e-09);(-18.7192118226601, 0.806802611798048);(99.50738916256158, 7.450580596923828e-09);(100.0, 3.725290298461914e-09);(100.0, 3.725290298461914e-09);(100.0, 3.725290298461914e-09);(-86.20689655172413, 0.9999953024089336);(-99.50738916256158, 0.9999999962747097);(-97.04433497536947, 0.999999962747097);(-97.04433497536947, 0.999999962747097);(68.96551724137932, 0.0004375725984573364);(-86.20689655172413, 0.9999953024089336);(-100.0, 1.0);(97.04433497536947, 5.21540641784668e-08);(2.4630541871921183, 0.45983554795384407);(100.0, 3.725290298461914e-09);(-86.20689655172413, 0.9999953024089336);(-100.0, 1.0);(97.04433497536947, 5.21540641784668e-08);(-2.4630541871921183, 0.5490501746535301);(100.0, 3.725290298461914e-09);(-99.50738916256158, 0.9999999962747097);(-100.0, 1.0);(-68.96551724137932, 0.9996039271354675);(-100.0, 1.0);(-100.0, 1.0);28
ao3;{'admin_update_order'};{'PUT:/api/v1/adminorderservice/adminorder'};0.004576676872525227;(-8.771929824561402, 0.6331367492675781);(100.0, 3.814697265625e-06);(87.13450292397661, 0.000209808349609375);(100.0, 3.814697265625e-06);(100.0, 3.814697265625e-06);(8.771929824561402, 0.3830146789550781);(62.57309941520468, 0.00911712646484375);(85.96491228070175, 0.00026702880859375);(100.0, 3.814697265625e-06);(100.0, 3.814697265625e-06);(-100.0, 1.0);(-62.57309941520468, 0.992034912109375);(48.53801169590643, 0.03684234619140625);(75.43859649122807, 0.001682281494140625);(90.64327485380117, 9.5367431640625e-05);(-87.13450292397661, 0.9998359680175781);(-85.96491228070175, 0.9997901916503906);(-48.53801169590643, 0.9667320251464844);(47.368421052631575, 0.040714263916015625);(60.23391812865497, 0.011837005615234375);(-100.0, 1.0);(-100.0, 1.0);(-75.43859649122807, 0.99859619140625);(-47.368421052631575, 0.9631576538085938);(48.53801169590643, 0.03684234619140625);(-100.0, 1.0);(-100.0, 1.0);(-90.64327485380117, 0.9999275207519531);(-60.23391812865497, 0.989593505859375);(-48.53801169590643, 0.9667320251464844);18
at1;{'admin_create_travel'};{'POST:/api/v1/admintravelservice/admintravel'};0.004522789645728966;(-98.66666666666667, 0.9999998807907104);(100.0, 5.960464477539063e-08);(100.0, 5.960464477539063e-08);(100.0, 5.960464477539063e-08);(100.0, 5.960464477539063e-08);(98.66666666666667, 1.7881393432617188e-07);(100.0, 5.960464477539063e-08);(99.33333333333333, 1.1920928955078125e-07);(100.0, 5.960464477539063e-08);(99.33333333333333, 1.1920928955078125e-07);(-100.0, 1.0);(-100.0, 1.0);(23.333333333333332, 0.16525256633758545);(20.666666666666668, 0.1951233148574829);(60.66666666666667, 0.003960251808166504);(-100.0, 1.0);(-99.33333333333333, 0.9999999403953552);(-23.333333333333332, 0.8417438268661499);(5.333333333333334, 0.4166867136955261);(40.0, 0.04468661546707153);(-100.0, 1.0);(-100.0, 1.0);(-20.666666666666668, 0.8126248121261597);(-5.333333333333334, 0.5942321419715881);(28.000000000000004, 0.12026625871658325);(-100.0, 1.0);(-99.33333333333333, 0.9999999403953552);(-60.66666666666667, 0.9964054822921753);(-40.0, 0.9580399990081787);(-28.000000000000004, 0.8854051828384399);24
ca1;{'cancel_order'};{'GET:/api/v1/cancelservice/cancel/{orderId}/{loginId}'};0.004406419957553376;(-89.16256157635468, 0.9999983347952366);(86.20689655172413, 5.5246055126190186e-06);(-3.9408866995073892, 0.5755479112267494);(17.24137931034483, 0.21900059655308723);(100.0, 3.725290298461914e-09);(89.16256157635468, 1.996755599975586e-06);(86.20689655172413, 5.5246055126190186e-06);(100.0, 3.725290298461914e-09);(100.0, 3.725290298461914e-09);(100.0, 3.725290298461914e-09);(-86.20689655172413, 0.9999953024089336);(-86.20689655172413, 0.9999953024089336);(-86.20689655172413, 0.9999953024089336);(-86.20689655172413, 0.9999953024089336);(41.37931034482759, 0.02819337695837021);(3.9408866995073892, 0.4332538917660713);(-100.0, 1.0);(86.20689655172413, 5.5246055126190186e-06);(12.807881773399016, 0.28351733088493347);(99.50738916256158, 7.450580596923828e-09);(-17.24137931034483, 0.7876237109303474);(-100.0, 1.0);(86.20689655172413, 5.5246055126190186e-06);(-12.807881773399016, 0.724063016474247);(99.50738916256158, 7.450580596923828e-09);(-100.0, 1.0);(-100.0, 1.0);(-41.37931034482759, 0.9733112826943398);(-99.50738916256158, 0.9999999962747097);(-99.50738916256158, 0.9999999962747097);28
us1;{'admin_login'};{'POST:/api/v1/users/login'};0.003515551226006304;(-96.63541092112521, 1.0);(15.747380033094318, 0.04883302798983559);(45.026659312373596, 1.0909329162806904e-06);(44.438315866887294, 1.4774864742056993e-06);(68.52362566648281, 2.856432742529511e-13);(96.63541092112521, 1.4367145606123382e-24);(93.30759330759331, 4.9056456027502544e-23);(99.87129987129987, 4.128932899577941e-26);(97.48115462401177, 5.744796246864253e-25);(100.0, 3.576906219228097e-26);(-15.747380033094318, 0.9511669720101644);(-93.30759330759331, 1.0);(31.071888214745357, 0.00054141153774122);(30.796102224673653, 0.0005996043204223891);(58.99062327633756, 2.7434430211096423e-10);(-45.026659312373596, 0.9999989090670838);(-99.87129987129987, 1.0);(-31.071888214745357, 0.9994585884622588);(7.31752160323589, 0.22075635042182562);(39.40062511491083, 1.7059506710188298e-05);(-44.438315866887294, 0.9999985225135258);(-97.48115462401177, 1.0);(-30.796102224673653, 0.9994003956795776);(-7.31752160323589, 0.7792436495781744);(28.874793160507444, 0.0011947677147941902);(-68.52362566648281, 0.9999999999997143);(-100.0, 1.0);(-58.99062327633756, 0.9999999997256557);(-39.40062511491083, 0.9999829404932898);(-28.874793160507444, 0.9988052322852058);147
ab2;{'admin_get_all_prices'};{'GET:/api/v1/adminbasicservice/adminbasic/prices'};0.0034375576859627444;(-11.76470588235294, 0.6657257080078125);(-98.52941176470588, 0.9999847412109375);(-13.23529411764706, 0.6839141845703125);(-52.94117647058824, 0.971160888671875);(82.35294117647058, 0.001068115234375);(11.76470588235294, 0.3528594970703125);(-64.70588235294117, 0.990875244140625);(5.88235294117647, 0.4301300048828125);(-51.470588235294116, 0.9673004150390625);(100.0, 1.52587890625e-05);(98.52941176470588, 3.0517578125e-05);(64.70588235294117, 0.0106964111328125);(57.35294117647059, 0.02215576171875);(-20.588235294117645, 0.76812744140625);(100.0, 1.52587890625e-05);(13.23529411764706, 0.3342742919921875);(-5.88235294117647, 0.5895538330078125);(-57.35294117647059, 0.980682373046875);(-58.82352941176471, 0.9832305908203125);(100.0, 1.52587890625e-05);(52.94117647058824, 0.0326995849609375);(51.470588235294116, 0.036956787109375);(20.588235294117645, 0.247711181640625);(58.82352941176471, 0.019317626953125);(75.0, 0.003143310546875);(-82.35294117647058, 0.9991607666015625);(-100.0, 1.0);(-100.0, 1.0);(-100.0, 1.0);(-75.0, 0.9974212646484375);16
ab4;{'admin_modify_price'};{'PUT:/api/v1/adminbasicservice/adminbasic/prices'};0.0033975016641089348;(-26.47058823529412, 0.8258056640625);(-38.23529411764706, 0.912322998046875);(-39.705882352941174, 0.92047119140625);(-100.0, 1.0);(98.52941176470588, 3.0517578125e-05);(26.47058823529412, 0.1877288818359375);(-44.11764705882353, 0.9416656494140625);(-2.941176470588235, 0.5500335693359375);(-100.0, 1.0);(100.0, 1.52587890625e-05);(38.23529411764706, 0.096405029296875);(44.11764705882353, 0.0648651123046875);(39.705882352941174, 0.087677001953125);(-100.0, 1.0);(98.52941176470588, 3.0517578125e-05);(39.705882352941174, 0.087677001953125);(2.941176470588235, 0.469940185546875);(-39.705882352941174, 0.92047119140625);(-100.0, 1.0);(100.0, 1.52587890625e-05);(100.0, 1.52587890625e-05);(100.0, 1.52587890625e-05);(100.0, 1.52587890625e-05);(100.0, 1.52587890625e-05);(100.0, 1.52587890625e-05);(-98.52941176470588, 0.9999847412109375);(-100.0, 1.0);(-98.52941176470588, 0.9999847412109375);(-100.0, 1.0);(-100.0, 1.0);16
au2;{'admin_get_all_users'};{'GET:/api/v1/adminuserservice/users'};0.002789935537037067;(-66.01307189542483, 0.9935684204101562);(-5.88235294117647, 0.5912094116210938);(-92.15686274509804, 0.9999237060546875);(-84.31372549019608, 0.9995803833007812);(98.69281045751634, 1.52587890625e-05);(66.01307189542483, 0.00749969482421875);(62.091503267973856, 0.0116119384765625);(-45.09803921568628, 0.9508132934570312);(-33.33333333333333, 0.8876571655273438);(77.77777777777779, 0.00157928466796875);(5.88235294117647, 0.42681884765625);(-62.091503267973856, 0.9899215698242188);(-90.84967320261438, 0.9998931884765625);(-77.77777777777779, 0.9987106323242188);(100.0, 7.62939453125e-06);(92.15686274509804, 0.0001068115234375);(45.09803921568628, 0.054443359375);(90.84967320261438, 0.00014495849609375);(9.803921568627452, 0.37332916259765625);(100.0, 7.62939453125e-06);(84.31372549019608, 0.0005340576171875);(33.33333333333333, 0.1217498779296875);(77.77777777777779, 0.00157928466796875);(-9.803921568627452, 0.6440505981445312);(100.0, 7.62939453125e-06);(-98.69281045751634, 0.9999923706054688);(-77.77777777777779, 0.9987106323242188);(-100.0, 1.0);(-100.0, 1.0);(-100.0, 1.0);17
ao2;{'admin_get_all_orders'};{'GET:/api/v1/adminorderservice/adminorder'};0.001961814871843746;(20.0, 0.3125);(96.36363636363636, 0.001953125);(96.36363636363636, 0.001953125);(100.0, 0.0009765625);(100.0, 0.0009765625);(-20.0, 0.7216796875);(45.45454545454545, 0.1162109375);(100.0, 0.0009765625);(100.0, 0.0009765625);(100.0, 0.0009765625);(-96.36363636363636, 0.9990234375);(-45.45454545454545, 0.9033203125);(38.18181818181819, 0.1611328125);(89.0909090909091, 0.0048828125);(89.0909090909091, 0.0048828125);(-96.36363636363636, 0.9990234375);(-100.0, 1.0);(-38.18181818181819, 0.8623046875);(100.0, 0.0009765625);(100.0, 0.0009765625);(-100.0, 1.0);(-100.0, 1.0);(-89.0909090909091, 0.9970703125);(-100.0, 1.0);(16.363636363636363, 0.34765625);(-100.0, 1.0);(-100.0, 1.0);(-89.0909090909091, 0.9970703125);(-100.0, 1.0);(-16.363636363636363, 0.6875);10
au1;{'admin_add_random_user'};{'POST:/api/v1/adminuserservice/users'};0.000640827613644688;(0.6535947712418301, 0.5);(12.418300653594772, 0.3388519287109375);(93.4640522875817, 7.62939453125e-05);(98.69281045751634, 1.52587890625e-05);(100.0, 7.62939453125e-06);(-0.6535947712418301, 0.5183868408203125);(16.33986928104575, 0.28952789306640625);(52.94117647058824, 0.0284423828125);(71.24183006535948, 0.0039520263671875);(62.091503267973856, 0.0116119384765625);(-12.418300653594772, 0.6779327392578125);(-16.33986928104575, 0.726165771484375);(83.00653594771242, 0.00067138671875);(89.54248366013073, 0.00019073486328125);(97.38562091503267, 2.288818359375e-05);(-93.4640522875817, 0.9999465942382812);(-52.94117647058824, 0.9747314453125);(-83.00653594771242, 0.9994659423828125);(3.2679738562091507, 0.4632568359375);(18.954248366013072, 0.258544921875);(-98.69281045751634, 0.9999923706054688);(-71.24183006535948, 0.996673583984375);(-89.54248366013073, 0.9998550415039062);(-3.2679738562091507, 0.5550155639648438);(20.26143790849673, 0.24369049072265625);(-100.0, 1.0);(-62.091503267973856, 0.9899215698242188);(-97.38562091503267, 0.9999847412109375);(-18.954248366013072, 0.7563095092773438);(-20.26143790849673, 0.7707138061523438);17
